step	dice_multi
0	0.4957306295452747
1	0.4957306295452747
2	0.7784315289800152
3	0.796912445309259
4	0.8092589922668669
5	0.8062642615597574
6	0.8072504239128374
7	0.8151451783171862
8	0.809789174885384
9	0.8159246135870013
10	0.8174561695367838
