step	dice_multi
0	0.4957116716708706
1	0.4957116716708706
2	0.767808407453975
3	0.8602874466107359
4	0.877935376449895
5	0.894168134180046
6	0.907950308010488
7	0.9073176625493329
8	0.9077637260897939
