step	loss
0	0.2728489339351654
1	0.0781644806265831
2	0.043284304440021515
3	0.035371650010347366
4	0.028056936338543892
5	0.02644175849854946
6	0.02248259447515011
7	0.022644003853201866
8	0.022549903020262718
