step	loss
0	0.08808667957782745
1	0.06603644043207169
2	0.04523599147796631
3	0.044566769152879715
4	0.04746251553297043
5	0.04171232134103775
6	0.04193422570824623
7	0.041193343698978424
8	0.03816299885511398
9	0.0387573279440403
10	0.03911847993731499
