step	loss
0	0.07866089791059494
1	0.04598042368888855
2	0.02132752351462841
3	0.019197283312678337
4	0.015059334225952625
5	0.01586434617638588
6	0.014662956818938255
7	0.014137580059468746
8	0.013965941034257412
