step	loss
0	0.32548362016677856
1	0.08123652637004852
2	0.06128022447228432
3	0.04863746464252472
4	0.04105245694518089
5	0.03615526482462883
6	0.03224363550543785
7	0.029069308191537857
8	0.02655012346804142
9	0.02457074075937271
10	0.023037254810333252
