step	loss
0	0.4511805474758148
1	0.10745372623205185
2	0.08509412407875061
3	0.06689511239528656
4	0.055575136095285416
5	0.04759461432695389
6	0.04187661409378052
7	0.037641700357198715
8	0.034542378038167953
