{
    "train": {
        "loss": 0.034542378038167953
    },
    "eval": {
        "loss": 0.022549903020262718
    },
    "dice_multi": 0.9077637260897939,
    "step": 8,
    "evaluate/dice_multi": 0.8614340411676448
}
