{
    "train": {
        "loss": 0.023037254810333252
    },
    "eval": {
        "loss": 0.03911847993731499
    },
    "dice_multi": 0.8174561695367838,
    "step": 10
}
