{
    "train": {
        "loss": 0.02785920538008213
    },
    "eval": {
        "loss": 0.013965941034257412
    },
    "dice_multi": 0.9341255830375834,
    "step": 8
}
